Risk_Quartile,Mean_Resistance_Score,Min_Resistance_Score,Max_Resistance_Score,Patient_Count
Q1 (Lowest Risk),5.195178033076923,-0.17953262,8.535685,104
Q2,9.267023610576924,8.547783,9.82938,104
Q3,10.295150873786408,9.83364,10.923001,103
Q4 (Highest Risk),11.959110326923078,10.959127,14.041345,104
