Duration_Quartile,Mean_Duration,Min_Duration,Max_Duration,Mean_Resistance_Score,Patient_Count
Q1 (Shortest),6.587020540740741,4.920646,7.9386153,6.208144397102161,324
Q2,8.807979747530865,7.955025,9.6713085,7.769269431980709,324
Q3,10.941800726851852,9.676739,12.013642,9.590708533962962,324
Q4 (Longest),13.41406496759259,12.017556,15.117367,12.221698958996914,324
