Match_Type,Count,Percentage
Top1 Match,154,37.10843373493976
No Match,144,34.69879518072289
Top2 Match,117,28.19277108433735
