Match_Type,Count,Percentage
Top1 Match,482,37.19135802469136
No Match,461,35.57098765432099
Top2 Match,353,27.237654320987655
